StartDate,EndDate,PolicyNumber,AccidentYearTotalIncurredAmount,GenerationDate
2023-01-01,2023-01-31,6059724,124992.93,2024-03-01 04:50:46.000+0000
2023-01-01,2023-01-31,9799591,4562.84,2024-03-01 04:50:46.000+0000
2023-01-01,2023-01-31,4654005,45469.18,2024-03-01 04:50:46.000+0000
2023-01-01,2023-01-31,8569314,33923.42,2024-03-01 04:50:46.000+0000
2023-01-01,2023-01-31,8625260,371042.73,2024-03-01 04:50:46.000+0000
2023-01-01,2023-01-31,5025620,42339.66,2024-03-01 04:50:46.000+0000
2023-01-01,2023-01-31,6888445,4582.13,2024-03-01 04:50:46.000+0000
2023-01-01,2023-01-31,8606830,36376.85,2024-03-01 04:50:46.000+0000
2023-01-01,2023-01-31,4347548,24939.79,2024-03-01 04:50:46.000+0000
2023-01-01,2023-01-31,1929644,3929,2024-03-01 04:50:46.000+0000
2023-01-01,2023-01-31,5547601,120066.12,2024-03-01 04:50:46.000+0000
2023-02-01,2023-02-28,3375411,96257.14,2024-03-01 04:50:46.000+0000
2023-02-01,2023-02-28,5605506,36718.71,2024-03-01 04:50:46.000+0000
2023-02-01,2023-02-28,8266223,49417.54,2024-03-01 04:50:46.000+0000
2023-02-01,2023-02-28,5503747,36382.26,2024-03-01 04:50:46.000+0000
2023-02-01,2023-02-28,4091062,9564.93,2024-03-01 04:50:46.000+0000
2023-02-01,2023-02-28,4794082,36480.64,2024-03-01 04:50:46.000+0000
2023-02-01,2023-02-28,1791028,38417.38,2024-03-01 04:50:46.000+0000
2023-02-01,2023-02-28,5735550,75084.82,2024-03-01 04:50:46.000+0000
2023-02-01,2023-02-28,4704336,1923.25,2024-03-01 04:50:46.000+0000
2023-02-01,2023-02-28,4016296,36423.77,2024-03-01 04:50:46.000+0000
2023-02-01,2023-02-28,3038653,89473.40,2024-03-01 04:50:46.000+0000
2023-02-01,2023-02-28,7702338,126503.30,2024-03-01 04:50:46.000+0000
2023-02-01,2023-02-28,8625260,355693.54,2024-03-01 04:50:46.000+0000
2023-02-01,2023-02-28,9648135,45485.25,2024-03-01 04:50:46.000+0000
2023-02-01,2023-02-28,9368786,42392.97,2024-03-01 04:50:46.000+0000
2023-02-01,2023-02-28,4549635,42247.41,2024-03-01 04:50:46.000+0000
2023-02-01,2023-02-28,2456765,13590.77,2024-03-01 04:50:46.000+0000
2023-02-01,2023-02-28,8771021,36413.05,2024-03-01 04:50:46.000+0000
2023-02-01,2023-02-28,2857476,9685.80,2024-03-01 04:50:46.000+0000
2023-02-01,2023-02-28,8371658,128524.78,2024-03-01 04:50:46.000+0000
2023-02-01,2023-02-28,3359611,45190.90,2024-03-01 04:50:46.000+0000
2023-02-01,2023-02-28,5385560,56589,2024-03-01 04:50:46.000+0000
2023-02-01,2023-02-28,8417311,193599,2024-03-01 04:50:46.000+0000
2023-02-01,2023-02-28,2787574,36660.92,2024-03-01 04:50:46.000+0000
2023-03-01,2023-03-31,4918793,29714.49,2024-03-01 04:50:46.000+0000
2023-03-01,2023-03-31,4645326,75339.79,2024-03-01 04:50:46.000+0000
2023-03-01,2023-03-31,3575291,32243.29,2024-03-01 04:50:46.000+0000
2023-03-01,2023-03-31,3544300,9642.36,2024-03-01 04:50:46.000+0000
2023-03-01,2023-03-31,4524845,9186.62,2024-03-01 04:50:46.000+0000
2023-03-01,2023-03-31,7152167,75120.53,2024-03-01 04:50:46.000+0000
2023-03-01,2023-03-31,6139453,11460.72,2024-03-01 04:50:46.000+0000
2023-03-01,2023-03-31,8266223,49418.67,2024-03-01 04:50:46.000+0000
2023-03-01,2023-03-31,2041096,179460.67,2024-03-01 04:50:46.000+0000
2023-03-01,2023-03-31,1791028,38443.87,2024-03-01 04:50:46.000+0000
2023-03-01,2023-03-31,8731677,22868.13,2024-03-01 04:50:46.000+0000
2023-03-01,2023-03-31,199407,2284.45,2024-03-01 04:50:46.000+0000
2023-03-01,2023-03-31,2205482,14646.02,2024-03-01 04:50:46.000+0000
2023-03-01,2023-03-31,1561773,45459.18,2024-03-01 04:50:46.000+0000
2023-03-01,2023-03-31,1805697,9900.82,2024-03-01 04:50:46.000+0000
2023-03-01,2023-03-31,6805623,9595.53,2024-03-01 04:50:46.000+0000
2023-03-01,2023-03-31,6552842,96995.77,2024-03-01 04:50:46.000+0000
2023-03-01,2023-03-31,6181500,96568.49,2024-03-01 04:50:46.000+0000
2023-03-01,2023-03-31,9368786,42598.17,2024-03-01 04:50:46.000+0000
2023-03-01,2023-03-31,9456572,22858.06,2024-03-01 04:50:46.000+0000
2023-03-01,2023-03-31,8963320,393753.34,2024-03-01 04:50:46.000+0000
2023-03-01,2023-03-31,3248782,16960.12,2024-03-01 04:50:46.000+0000
2023-03-01,2023-03-31,4482873,197427.02,2024-03-01 04:50:46.000+0000
2023-03-01,2023-03-31,9542114,69337.24,2024-03-01 04:50:46.000+0000
2023-03-01,2023-03-31,7402710,36845.60,2024-03-01 04:50:46.000+0000
2023-03-01,2023-03-31,173742,9365.28,2024-03-01 04:50:46.000+0000
2023-03-01,2023-03-31,8587422,24473.07,2024-03-01 04:50:46.000+0000
2023-03-01,2023-03-31,2291754,42648.96,2024-03-01 04:50:46.000+0000
2023-03-01,2023-03-31,4622730,181449,2024-03-01 04:50:46.000+0000
2023-03-01,2023-03-31,1086428,4538.31,2024-03-01 04:50:46.000+0000
2023-03-01,2023-03-31,6670537,17525.97,2024-03-01 04:50:46.000+0000
2023-03-01,2023-03-31,2225947,36816.47,2024-03-01 04:50:46.000+0000
2023-03-01,2023-03-31,4235475,48581.53,2024-03-01 04:50:46.000+0000
2023-03-01,2023-03-31,9418925,96451.57,2024-03-01 04:50:46.000+0000
2023-03-01,2023-03-31,6813977,61473.08,2024-03-01 04:50:46.000+0000
2023-04-01,2023-04-30,2695545,62433.98,2024-03-01 04:50:46.000+0000
2023-04-01,2023-04-30,6419045,28222.61,2024-03-01 04:50:46.000+0000
2023-04-01,2023-04-30,4645326,75701.07,2024-03-01 04:50:46.000+0000
2023-04-01,2023-04-30,3375411,96408.24,2024-03-01 04:50:46.000+0000
2023-04-01,2023-04-30,2281250,16844.58,2024-03-01 04:50:46.000+0000
2023-04-01,2023-04-30,8266223,49419,2024-03-01 04:50:46.000+0000
2023-04-01,2023-04-30,4794082,36766.95,2024-03-01 04:50:46.000+0000
2023-04-01,2023-04-30,4713308,129067.09,2024-03-01 04:50:46.000+0000
2023-04-01,2023-04-30,7384910,6484.65,2024-03-01 04:50:46.000+0000
2023-04-01,2023-04-30,2205482,14643.06,2024-03-01 04:50:46.000+0000
2023-04-01,2023-04-30,1561773,45285.92,2024-03-01 04:50:46.000+0000
2023-04-01,2023-04-30,1805697,9200.77,2024-03-01 04:50:46.000+0000
2023-04-01,2023-04-30,1342330,75279.68,2024-03-01 04:50:46.000+0000
2023-04-01,2023-04-30,3129392,15133.97,2024-03-01 04:50:46.000+0000
2023-04-01,2023-04-30,271454,18710.99,2024-03-01 04:50:46.000+0000
2023-04-01,2023-04-30,9562335,96798.45,2024-03-01 04:50:46.000+0000
2023-04-01,2023-04-30,4692240,66453.56,2024-03-01 04:50:46.000+0000
2023-04-01,2023-04-30,5932972,69495.16,2024-03-01 04:50:46.000+0000
2023-04-01,2023-04-30,8625260,326667.77,2024-03-01 04:50:46.000+0000
2023-04-01,2023-04-30,3619016,36216.65,2024-03-01 04:50:46.000+0000
2023-04-01,2023-04-30,6387848,75587.85,2024-03-01 04:50:46.000+0000
2023-04-01,2023-04-30,2101477,35451.97,2024-03-01 04:50:46.000+0000
2023-04-01,2023-04-30,5169278,4534.70,2024-03-01 04:50:46.000+0000
2023-04-01,2023-04-30,6181500,96075.93,2024-03-01 04:50:46.000+0000
2023-04-01,2023-04-30,8253060,9558.28,2024-03-01 04:50:46.000+0000
2023-04-01,2023-04-30,7271572,9701.22,2024-03-01 04:50:46.000+0000
2023-04-01,2023-04-30,9309006,96061.89,2024-03-01 04:50:46.000+0000
2023-04-01,2023-04-30,7402710,36949.31,2024-03-01 04:50:46.000+0000
2023-04-01,2023-04-30,4549635,42982.83,2024-03-01 04:50:46.000+0000
2023-04-01,2023-04-30,5585278,3665.90,2024-03-01 04:50:46.000+0000
2023-04-01,2023-04-30,5751861,29644.93,2024-03-01 04:50:46.000+0000
2023-04-01,2023-04-30,8922190,24729,2024-03-01 04:50:46.000+0000
2023-04-01,2023-04-30,4622730,34629.04,2024-03-01 04:50:46.000+0000
2023-04-01,2023-04-30,2458090,54628.11,2024-03-01 04:50:46.000+0000
2023-04-01,2023-04-30,1395025,88695,2024-03-01 04:50:46.000+0000
2023-04-01,2023-04-30,1086428,4532.21,2024-03-01 04:50:46.000+0000
2023-04-01,2023-04-30,2857476,9820.51,2024-03-01 04:50:46.000+0000
2023-04-01,2023-04-30,8371658,122199.03,2024-03-01 04:50:46.000+0000
2023-04-01,2023-04-30,6670537,17523.63,2024-03-01 04:50:46.000+0000
2023-04-01,2023-04-30,6086078,25920.60,2024-03-01 04:50:46.000+0000
2023-04-01,2023-04-30,975812,249544.71,2024-03-01 04:50:46.000+0000
2023-04-01,2023-04-30,5730349,9318.65,2024-03-01 04:50:46.000+0000
2023-05-01,2023-05-31,1404325,75259.48,2024-03-01 04:50:46.000+0000
2023-05-01,2023-05-31,4918793,29781.73,2024-03-01 04:50:46.000+0000
2023-05-01,2023-05-31,7881546,13764.16,2024-03-01 04:50:46.000+0000
2023-05-01,2023-05-31,371813,352894.13,2024-03-01 04:50:46.000+0000
2023-05-01,2023-05-31,5753326,159367.60,2024-03-01 04:50:46.000+0000
2023-05-01,2023-05-31,5098864,52483.81,2024-03-01 04:50:46.000+0000
2023-05-01,2023-05-31,9874338,45518.76,2024-03-01 04:50:46.000+0000
2023-05-01,2023-05-31,7268744,6356.28,2024-03-01 04:50:46.000+0000
2023-05-01,2023-05-31,623019,36861.50,2024-03-01 04:50:46.000+0000
2023-05-01,2023-05-31,6658340,8923.63,2024-03-01 04:50:46.000+0000
2023-05-01,2023-05-31,3570164,1777.11,2024-03-01 04:50:46.000+0000
2023-05-01,2023-05-31,8804371,36028.41,2024-03-01 04:50:46.000+0000
2023-05-01,2023-05-31,4091062,9458.73,2024-03-01 04:50:46.000+0000
2023-05-01,2023-05-31,2075785,5769,2024-03-01 04:50:46.000+0000
2023-05-01,2023-05-31,4654005,162394.50,2024-03-01 04:50:46.000+0000
2023-05-01,2023-05-31,1449471,40287.98,2024-03-01 04:50:46.000+0000
2023-05-01,2023-05-31,5407714,38166.72,2024-03-01 04:50:46.000+0000
2023-05-01,2023-05-31,6573464,144569.14,2024-03-01 04:50:46.000+0000
2023-05-01,2023-05-31,4143871,36100.23,2024-03-01 04:50:46.000+0000
2023-05-01,2023-05-31,5205869,36323.68,2024-03-01 04:50:46.000+0000
2023-05-01,2023-05-31,199407,2287.81,2024-03-01 04:50:46.000+0000
2023-05-01,2023-05-31,6764821,1486.58,2024-03-01 04:50:46.000+0000
2023-05-01,2023-05-31,681490,21746.49,2024-03-01 04:50:46.000+0000
2023-05-01,2023-05-31,4076844,18298.81,2024-03-01 04:50:46.000+0000
2023-05-01,2023-05-31,1053889,8926.41,2024-03-01 04:50:46.000+0000
2023-05-01,2023-05-31,4194990,64532.14,2024-03-01 04:50:46.000+0000
2023-05-01,2023-05-31,4261505,26888.31,2024-03-01 04:50:46.000+0000
2023-05-01,2023-05-31,271454,18762.99,2024-03-01 04:50:46.000+0000
2023-05-01,2023-05-31,6805623,9057.15,2024-03-01 04:50:46.000+0000
2023-05-01,2023-05-31,4016296,247930.08,2024-03-01 04:50:46.000+0000
2023-05-01,2023-05-31,6463639,38169,2024-03-01 04:50:46.000+0000
2023-05-01,2023-05-31,7702338,126950.83,2024-03-01 04:50:46.000+0000
2023-05-01,2023-05-31,8625260,359321.21,2024-03-01 04:50:46.000+0000
2023-05-01,2023-05-31,3636365,45858.40,2024-03-01 04:50:46.000+0000
2023-05-01,2023-05-31,5169278,4503.43,2024-03-01 04:50:46.000+0000
2023-05-01,2023-05-31,6181500,96679.94,2024-03-01 04:50:46.000+0000
2023-05-01,2023-05-31,5025620,42383.76,2024-03-01 04:50:46.000+0000
2023-05-01,2023-05-31,8371391,75614.33,2024-03-01 04:50:46.000+0000
2023-05-01,2023-05-31,1221002,14111.31,2024-03-01 04:50:46.000+0000
2023-05-01,2023-05-31,5658308,347523.17,2024-03-01 04:50:46.000+0000
2023-05-01,2023-05-31,3248782,16967.80,2024-03-01 04:50:46.000+0000
2023-05-01,2023-05-31,4754173,5410.89,2024-03-01 04:50:46.000+0000
2023-05-01,2023-05-31,9542114,69362.33,2024-03-01 04:50:46.000+0000
2023-05-01,2023-05-31,9006275,129342.99,2024-03-01 04:50:46.000+0000
2023-05-01,2023-05-31,8606830,36157.16,2024-03-01 04:50:46.000+0000
2023-05-01,2023-05-31,1232034,124928.96,2024-03-01 04:50:46.000+0000
2023-05-01,2023-05-31,3035422,54084.06,2024-03-01 04:50:46.000+0000
2023-05-01,2023-05-31,5585278,3666.25,2024-03-01 04:50:46.000+0000
2023-05-01,2023-05-31,4283293,22299.09,2024-03-01 04:50:46.000+0000
2023-05-01,2023-05-31,1416918,54426.75,2024-03-01 04:50:46.000+0000
2023-05-01,2023-05-31,6951092,1524.55,2024-03-01 04:50:46.000+0000
2023-05-01,2023-05-31,3143296,67243.40,2024-03-01 04:50:46.000+0000
2023-05-01,2023-05-31,1395025,88695,2024-03-01 04:50:46.000+0000
2023-05-01,2023-05-31,1461666,32244.73,2024-03-01 04:50:46.000+0000
2023-05-01,2023-05-31,6584625,261756.90,2024-03-01 04:50:46.000+0000
2023-05-01,2023-05-31,2787574,36770.13,2024-03-01 04:50:46.000+0000
2023-05-01,2023-05-31,1929644,3926.86,2024-03-01 04:50:46.000+0000
2023-05-01,2023-05-31,5547601,324512.64,2024-03-01 04:50:46.000+0000
2023-06-01,2023-06-30,1606763,2898.70,2024-03-01 04:50:46.000+0000
2023-06-01,2023-06-30,6549483,6246.45,2024-03-01 04:50:46.000+0000
2023-06-01,2023-06-30,5830372,9612.46,2024-03-01 04:50:46.000+0000
2023-06-01,2023-06-30,2758922,41082.37,2024-03-01 04:50:46.000+0000
2023-06-01,2023-06-30,2708348,242278.19,2024-03-01 04:50:46.000+0000
2023-06-01,2023-06-30,4645326,75495.07,2024-03-01 04:50:46.000+0000
2023-06-01,2023-06-30,4337124,19621.99,2024-03-01 04:50:46.000+0000
2023-06-01,2023-06-30,5753326,159367.53,2024-03-01 04:50:46.000+0000
2023-06-01,2023-06-30,4524845,9195.13,2024-03-01 04:50:46.000+0000
2023-06-01,2023-06-30,2293746,15847.78,2024-03-01 04:50:46.000+0000
2023-06-01,2023-06-30,5605506,36982.27,2024-03-01 04:50:46.000+0000
2023-06-01,2023-06-30,2281250,16848.65,2024-03-01 04:50:46.000+0000
2023-06-01,2023-06-30,6658340,8922.88,2024-03-01 04:50:46.000+0000
2023-06-01,2023-06-30,8804371,36096.14,2024-03-01 04:50:46.000+0000
2023-06-01,2023-06-30,4794082,36244.10,2024-03-01 04:50:46.000+0000
2023-06-01,2023-06-30,5147163,45895.95,2024-03-01 04:50:46.000+0000
2023-06-01,2023-06-30,7931921,15630.95,2024-03-01 04:50:46.000+0000
2023-06-01,2023-06-30,6902506,18440.30,2024-03-01 04:50:46.000+0000
2023-06-01,2023-06-30,9775315,16928.83,2024-03-01 04:50:46.000+0000
2023-06-01,2023-06-30,9330593,129862.60,2024-03-01 04:50:46.000+0000
2023-06-01,2023-06-30,8731677,22849.83,2024-03-01 04:50:46.000+0000
2023-06-01,2023-06-30,3427442,167.71,2024-03-01 04:50:46.000+0000
2023-06-01,2023-06-30,8489506,289585.72,2024-03-01 04:50:46.000+0000
2023-06-01,2023-06-30,9303369,34813.06,2024-03-01 04:50:46.000+0000
2023-06-01,2023-06-30,8091467,19833.09,2024-03-01 04:50:46.000+0000
2023-06-01,2023-06-30,8955643,112234.57,2024-03-01 04:50:46.000+0000
2023-06-01,2023-06-30,7295498,96132.80,2024-03-01 04:50:46.000+0000
2023-06-01,2023-06-30,8623834,36261.81,2024-03-01 04:50:46.000+0000
2023-06-01,2023-06-30,5441840,68035.53,2024-03-01 04:50:46.000+0000
2023-06-01,2023-06-30,1561773,45441.30,2024-03-01 04:50:46.000+0000
2023-06-01,2023-06-30,5896030,2529,2024-03-01 04:50:46.000+0000
2023-06-01,2023-06-30,8569314,8487.81,2024-03-01 04:50:46.000+0000
2023-06-01,2023-06-30,1053889,8921.74,2024-03-01 04:50:46.000+0000
2023-06-01,2023-06-30,1805697,9355.84,2024-03-01 04:50:46.000+0000
2023-06-01,2023-06-30,6519682,26945,2024-03-01 04:50:46.000+0000
2023-06-01,2023-06-30,271454,18779.21,2024-03-01 04:50:46.000+0000
2023-06-01,2023-06-30,9607865,2635,2024-03-01 04:50:46.000+0000
2023-06-01,2023-06-30,9950828,9751.08,2024-03-01 04:50:46.000+0000
2023-06-01,2023-06-30,2005440,49448.84,2024-03-01 04:50:46.000+0000
2023-06-01,2023-06-30,6353922,223210.73,2024-03-01 04:50:46.000+0000
2023-06-01,2023-06-30,6224617,3762.12,2024-03-01 04:50:46.000+0000
2023-06-01,2023-06-30,3236632,96441.39,2024-03-01 04:50:46.000+0000
2023-06-01,2023-06-30,3239757,36992.18,2024-03-01 04:50:46.000+0000
2023-06-01,2023-06-30,7153082,185282.53,2024-03-01 04:50:46.000+0000
2023-06-01,2023-06-30,3411712,36329.30,2024-03-01 04:50:46.000+0000
2023-06-01,2023-06-30,9301347,4583.34,2024-03-01 04:50:46.000+0000
2023-06-01,2023-06-30,5797097,183846.55,2024-03-01 04:50:46.000+0000
2023-06-01,2023-06-30,1177227,9924.61,2024-03-01 04:50:46.000+0000
2023-06-01,2023-06-30,2964261,6520.40,2024-03-01 04:50:46.000+0000
2023-06-01,2023-06-30,4363279,9624.53,2024-03-01 04:50:46.000+0000
2023-06-01,2023-06-30,8159722,124454.83,2024-03-01 04:50:46.000+0000
2023-06-01,2023-06-30,7989400,64135.01,2024-03-01 04:50:46.000+0000
2023-06-01,2023-06-30,1221002,14112.45,2024-03-01 04:50:46.000+0000
2023-06-01,2023-06-30,4865253,15076.70,2024-03-01 04:50:46.000+0000
2023-06-01,2023-06-30,5658308,347522.48,2024-03-01 04:50:46.000+0000
2023-06-01,2023-06-30,4709290,11565.95,2024-03-01 04:50:46.000+0000
2023-06-01,2023-06-30,3035422,4537.13,2024-03-01 04:50:46.000+0000
2023-06-01,2023-06-30,3586753,2522.18,2024-03-01 04:50:46.000+0000
2023-06-01,2023-06-30,705112,26330.16,2024-03-01 04:50:46.000+0000
2023-06-01,2023-06-30,5215861,36008.43,2024-03-01 04:50:46.000+0000
2023-06-01,2023-06-30,1416918,4565.45,2024-03-01 04:50:46.000+0000
2023-06-01,2023-06-30,2352222,240844.38,2024-03-01 04:50:46.000+0000
2023-06-01,2023-06-30,5751861,29640.08,2024-03-01 04:50:46.000+0000
2023-06-01,2023-06-30,7871588,11961.64,2024-03-01 04:50:46.000+0000
2023-06-01,2023-06-30,4043451,18459.38,2024-03-01 04:50:46.000+0000
2023-06-01,2023-06-30,4622730,34114.24,2024-03-01 04:50:46.000+0000
2023-06-01,2023-06-30,8593737,9207.88,2024-03-01 04:50:46.000+0000
2023-06-01,2023-06-30,8495426,16622.36,2024-03-01 04:50:46.000+0000
2023-06-01,2023-06-30,3668189,36587.47,2024-03-01 04:50:46.000+0000
2023-06-01,2023-06-30,2857476,9159.34,2024-03-01 04:50:46.000+0000
2023-06-01,2023-06-30,923871,7899,2024-03-01 04:50:46.000+0000
2023-06-01,2023-06-30,4466043,36916.05,2024-03-01 04:50:46.000+0000
2023-06-01,2023-06-30,4567775,45164.93,2024-03-01 04:50:46.000+0000
2023-06-01,2023-06-30,8498117,51661.50,2024-03-01 04:50:46.000+0000
2023-06-01,2023-06-30,4721825,182.55,2024-03-01 04:50:46.000+0000
2023-06-01,2023-06-30,8496126,36326.52,2024-03-01 04:50:46.000+0000
2023-06-01,2023-06-30,1929644,3924.52,2024-03-01 04:50:46.000+0000
2023-06-01,2023-06-30,2285288,36465.59,2024-03-01 04:50:46.000+0000
2023-06-01,2023-06-30,5283960,32562.53,2024-03-01 04:50:46.000+0000
2023-07-01,2023-07-31,8558124,36704.28,2024-03-01 04:50:46.000+0000
2023-07-01,2023-07-31,2758922,40329.30,2024-03-01 04:50:46.000+0000
2023-07-01,2023-07-31,2708348,224581.07,2024-03-01 04:50:46.000+0000
2023-07-01,2023-07-31,2686247,4513.88,2024-03-01 04:50:46.000+0000
2023-07-01,2023-07-31,9137868,143242.64,2024-03-01 04:50:46.000+0000
2023-07-01,2023-07-31,2780688,36295.24,2024-03-01 04:50:46.000+0000
2023-07-01,2023-07-31,2130245,292503.80,2024-03-01 04:50:46.000+0000
2023-07-01,2023-07-31,8733378,48458.24,2024-03-01 04:50:46.000+0000
2023-07-01,2023-07-31,1506222,524.13,2024-03-01 04:50:46.000+0000
2023-07-01,2023-07-31,1517929,18965.79,2024-03-01 04:50:46.000+0000
2023-07-01,2023-07-31,2877301,144419.60,2024-03-01 04:50:46.000+0000
2023-07-01,2023-07-31,3151148,17527.52,2024-03-01 04:50:46.000+0000
2023-07-01,2023-07-31,749232,89557.22,2024-03-01 04:50:46.000+0000
2023-07-01,2023-07-31,8248416,56581.27,2024-03-01 04:50:46.000+0000
2023-07-01,2023-07-31,7978382,96775.19,2024-03-01 04:50:46.000+0000
2023-07-01,2023-07-31,8266223,49415.77,2024-03-01 04:50:46.000+0000
2023-07-01,2023-07-31,5592847,3242.21,2024-03-01 04:50:46.000+0000
2023-07-01,2023-07-31,1449471,48844.04,2024-03-01 04:50:46.000+0000
2023-07-01,2023-07-31,9775315,16921.46,2024-03-01 04:50:46.000+0000
2023-07-01,2023-07-31,1825093,15165.71,2024-03-01 04:50:46.000+0000
2023-07-01,2023-07-31,8489506,289557.42,2024-03-01 04:50:46.000+0000
2023-07-01,2023-07-31,4024839,389619,2024-03-01 04:50:46.000+0000
2023-07-01,2023-07-31,1833638,48376.93,2024-03-01 04:50:46.000+0000
2023-07-01,2023-07-31,2206987,163362.67,2024-03-01 04:50:46.000+0000
2023-07-01,2023-07-31,124358,13284.66,2024-03-01 04:50:46.000+0000
2023-07-01,2023-07-31,681490,23645.93,2024-03-01 04:50:46.000+0000
2023-07-01,2023-07-31,8013401,34776.43,2024-03-01 04:50:46.000+0000
2023-07-01,2023-07-31,579268,3666.47,2024-03-01 04:50:46.000+0000
2023-07-01,2023-07-31,8569314,8480.12,2024-03-01 04:50:46.000+0000
2023-07-01,2023-07-31,3679022,23842.21,2024-03-01 04:50:46.000+0000
2023-07-01,2023-07-31,474969,74115,2024-03-01 04:50:46.000+0000
2023-07-01,2023-07-31,1805697,9830.00,2024-03-01 04:50:46.000+0000
2023-07-01,2023-07-31,3129392,15333.19,2024-03-01 04:50:46.000+0000
2023-07-01,2023-07-31,7026738,69661.93,2024-03-01 04:50:46.000+0000
2023-07-01,2023-07-31,9562335,96981.03,2024-03-01 04:50:46.000+0000
2023-07-01,2023-07-31,4547648,9525.00,2024-03-01 04:50:46.000+0000
2023-07-01,2023-07-31,4704336,7688.10,2024-03-01 04:50:46.000+0000
2023-07-01,2023-07-31,3571327,36379.09,2024-03-01 04:50:46.000+0000
2023-07-01,2023-07-31,6353922,223269.63,2024-03-01 04:50:46.000+0000
2023-07-01,2023-07-31,725239,6729,2024-03-01 04:50:46.000+0000
2023-07-01,2023-07-31,6224617,3768.89,2024-03-01 04:50:46.000+0000
2023-07-01,2023-07-31,2583141,45794.35,2024-03-01 04:50:46.000+0000
2023-07-01,2023-07-31,584631,166152.15,2024-03-01 04:50:46.000+0000
2023-07-01,2023-07-31,1177227,9446.15,2024-03-01 04:50:46.000+0000
2023-07-01,2023-07-31,4077844,137790.23,2024-03-01 04:50:46.000+0000
2023-07-01,2023-07-31,7380362,138627.30,2024-03-01 04:50:46.000+0000
2023-07-01,2023-07-31,996735,48128.76,2024-03-01 04:50:46.000+0000
2023-07-01,2023-07-31,389671,5642.57,2024-03-01 04:50:46.000+0000
2023-07-01,2023-07-31,7271572,127788.59,2024-03-01 04:50:46.000+0000
2023-07-01,2023-07-31,9456572,22763.50,2024-03-01 04:50:46.000+0000
2023-07-01,2023-07-31,5662203,83536.71,2024-03-01 04:50:46.000+0000
2023-07-01,2023-07-31,1291937,148560.08,2024-03-01 04:50:46.000+0000
2023-07-01,2023-07-31,4754173,5442.57,2024-03-01 04:50:46.000+0000
2023-07-01,2023-07-31,340441,21344.92,2024-03-01 04:50:46.000+0000
2023-07-01,2023-07-31,1592683,96222.53,2024-03-01 04:50:46.000+0000
2023-07-01,2023-07-31,173742,9368.58,2024-03-01 04:50:46.000+0000
2023-07-01,2023-07-31,3680471,171943.03,2024-03-01 04:50:46.000+0000
2023-07-01,2023-07-31,583752,1242.37,2024-03-01 04:50:46.000+0000
2023-07-01,2023-07-31,2803730,96501.44,2024-03-01 04:50:46.000+0000
2023-07-01,2023-07-31,778743,36811.47,2024-03-01 04:50:46.000+0000
2023-07-01,2023-07-31,6951092,1526.97,2024-03-01 04:50:46.000+0000
2023-07-01,2023-07-31,2515519,913580.49,2024-03-01 04:50:46.000+0000
2023-07-01,2023-07-31,6569987,285525,2024-03-01 04:50:46.000+0000
2023-07-01,2023-07-31,681375,67020.12,2024-03-01 04:50:46.000+0000
2023-07-01,2023-07-31,1069382,91234.76,2024-03-01 04:50:46.000+0000
2023-07-01,2023-07-31,8593737,9085.30,2024-03-01 04:50:46.000+0000
2023-07-01,2023-07-31,9829289,18217.28,2024-03-01 04:50:46.000+0000
2023-07-01,2023-07-31,6847982,64127.72,2024-03-01 04:50:46.000+0000
2023-07-01,2023-07-31,1086428,4507.61,2024-03-01 04:50:46.000+0000
2023-07-01,2023-07-31,923871,7894.29,2024-03-01 04:50:46.000+0000
2023-07-01,2023-07-31,5791590,24419.85,2024-03-01 04:50:46.000+0000
2023-07-01,2023-07-31,9773385,36297.76,2024-03-01 04:50:46.000+0000
2023-07-01,2023-07-31,5600465,16666.72,2024-03-01 04:50:46.000+0000
2023-07-01,2023-07-31,1461666,32242.59,2024-03-01 04:50:46.000+0000
2023-07-01,2023-07-31,8417311,193599,2024-03-01 04:50:46.000+0000
2023-07-01,2023-07-31,6086078,25925.47,2024-03-01 04:50:46.000+0000
2023-07-01,2023-07-31,2900611,18730.23,2024-03-01 04:50:46.000+0000
2023-07-01,2023-07-31,4567775,45873.98,2024-03-01 04:50:46.000+0000
2023-07-01,2023-07-31,6584625,230945.70,2024-03-01 04:50:46.000+0000
2023-07-01,2023-07-31,7406324,3926.69,2024-03-01 04:50:46.000+0000
2023-07-01,2023-07-31,4235475,48244.14,2024-03-01 04:50:46.000+0000
2023-07-01,2023-07-31,975812,71485,2024-03-01 04:50:46.000+0000
2023-07-01,2023-07-31,5283960,32568.44,2024-03-01 04:50:46.000+0000
2023-08-01,2023-08-31,2118413,56881.61,2024-03-01 04:50:46.000+0000
2023-08-01,2023-08-31,5632313,16521.21,2024-03-01 04:50:46.000+0000
2023-08-01,2023-08-31,4645326,75785.02,2024-03-01 04:50:46.000+0000
2023-08-01,2023-08-31,8733378,48456.63,2024-03-01 04:50:46.000+0000
2023-08-01,2023-08-31,749232,89555.73,2024-03-01 04:50:46.000+0000
2023-08-01,2023-08-31,3544300,9507.69,2024-03-01 04:50:46.000+0000
2023-08-01,2023-08-31,5098864,52486.21,2024-03-01 04:50:46.000+0000
2023-08-01,2023-08-31,577760,203353.06,2024-03-01 04:50:46.000+0000
2023-08-01,2023-08-31,5813047,38920.52,2024-03-01 04:50:46.000+0000
2023-08-01,2023-08-31,9329671,75242.41,2024-03-01 04:50:46.000+0000
2023-08-01,2023-08-31,2012842,5431.35,2024-03-01 04:50:46.000+0000
2023-08-01,2023-08-31,601072,63432.66,2024-03-01 04:50:46.000+0000
2023-08-01,2023-08-31,8614490,3760.23,2024-03-01 04:50:46.000+0000
2023-08-01,2023-08-31,3075019,45834.40,2024-03-01 04:50:46.000+0000
2023-08-01,2023-08-31,4044314,147329.73,2024-03-01 04:50:46.000+0000
2023-08-01,2023-08-31,9438491,33615,2024-03-01 04:50:46.000+0000
2023-08-01,2023-08-31,4245587,52484.87,2024-03-01 04:50:46.000+0000
2023-08-01,2023-08-31,4458144,36939.99,2024-03-01 04:50:46.000+0000
2023-08-01,2023-08-31,1791028,38453.41,2024-03-01 04:50:46.000+0000
2023-08-01,2023-08-31,8731677,22871.50,2024-03-01 04:50:46.000+0000
2023-08-01,2023-08-31,7863375,36183.46,2024-03-01 04:50:46.000+0000
2023-08-01,2023-08-31,1825093,15590.15,2024-03-01 04:50:46.000+0000
2023-08-01,2023-08-31,4143871,36728.90,2024-03-01 04:50:46.000+0000
2023-08-01,2023-08-31,4713308,122079.65,2024-03-01 04:50:46.000+0000
2023-08-01,2023-08-31,7295498,96712.46,2024-03-01 04:50:46.000+0000
2023-08-01,2023-08-31,7384910,6489,2024-03-01 04:50:46.000+0000
2023-08-01,2023-08-31,7690775,9816.18,2024-03-01 04:50:46.000+0000
2023-08-01,2023-08-31,6712096,96813.91,2024-03-01 04:50:46.000+0000
2023-08-01,2023-08-31,1762631,352355.69,2024-03-01 04:50:46.000+0000
2023-08-01,2023-08-31,7189260,4563.51,2024-03-01 04:50:46.000+0000
2023-08-01,2023-08-31,4387627,57291.05,2024-03-01 04:50:46.000+0000
2023-08-01,2023-08-31,5019305,17208.35,2024-03-01 04:50:46.000+0000
2023-08-01,2023-08-31,1805697,9971.63,2024-03-01 04:50:46.000+0000
2023-08-01,2023-08-31,5746556,87366.49,2024-03-01 04:50:46.000+0000
2023-08-01,2023-08-31,6733320,1193.37,2024-03-01 04:50:46.000+0000
2023-08-01,2023-08-31,1265020,69660.41,2024-03-01 04:50:46.000+0000
2023-08-01,2023-08-31,9950828,9506.93,2024-03-01 04:50:46.000+0000
2023-08-01,2023-08-31,4016296,36037.20,2024-03-01 04:50:46.000+0000
2023-08-01,2023-08-31,5932972,60092.76,2024-03-01 04:50:46.000+0000
2023-08-01,2023-08-31,725239,6722.24,2024-03-01 04:50:46.000+0000
2023-08-01,2023-08-31,9891355,58443.82,2024-03-01 04:50:46.000+0000
2023-08-01,2023-08-31,3411712,36917.27,2024-03-01 04:50:46.000+0000
2023-08-01,2023-08-31,7626828,8486.86,2024-03-01 04:50:46.000+0000
2023-08-01,2023-08-31,9301347,54422.86,2024-03-01 04:50:46.000+0000
2023-08-01,2023-08-31,5797097,183464.42,2024-03-01 04:50:46.000+0000
2023-08-01,2023-08-31,3619016,36509.52,2024-03-01 04:50:46.000+0000
2023-08-01,2023-08-31,6420169,96099.39,2024-03-01 04:50:46.000+0000
2023-08-01,2023-08-31,4363279,113039.31,2024-03-01 04:50:46.000+0000
2023-08-01,2023-08-31,2483702,5492.57,2024-03-01 04:50:46.000+0000
2023-08-01,2023-08-31,7380362,138683.79,2024-03-01 04:50:46.000+0000
2023-08-01,2023-08-31,8434283,120419.20,2024-03-01 04:50:46.000+0000
2023-08-01,2023-08-31,7271572,9404.93,2024-03-01 04:50:46.000+0000
2023-08-01,2023-08-31,6444524,75576.43,2024-03-01 04:50:46.000+0000
2023-08-01,2023-08-31,8470631,71795.64,2024-03-01 04:50:46.000+0000
2023-08-01,2023-08-31,8486228,36523.07,2024-03-01 04:50:46.000+0000
2023-08-01,2023-08-31,9426564,36968.31,2024-03-01 04:50:46.000+0000
2023-08-01,2023-08-31,1221669,36315.66,2024-03-01 04:50:46.000+0000
2023-08-01,2023-08-31,7068537,112704.97,2024-03-01 04:50:46.000+0000
2023-08-01,2023-08-31,340441,20889.24,2024-03-01 04:50:46.000+0000
2023-08-01,2023-08-31,3035422,4572.09,2024-03-01 04:50:46.000+0000
2023-08-01,2023-08-31,2456765,13538.23,2024-03-01 04:50:46.000+0000
2023-08-01,2023-08-31,4735607,1875.48,2024-03-01 04:50:46.000+0000
2023-08-01,2023-08-31,4353039,36736.02,2024-03-01 04:50:46.000+0000
2023-08-01,2023-08-31,1789943,7657.88,2024-03-01 04:50:46.000+0000
2023-08-01,2023-08-31,2458090,57044.47,2024-03-01 04:50:46.000+0000
2023-08-01,2023-08-31,1747751,35016.08,2024-03-01 04:50:46.000+0000
2023-08-01,2023-08-31,9864509,54124.92,2024-03-01 04:50:46.000+0000
2023-08-01,2023-08-31,9829289,18620.64,2024-03-01 04:50:46.000+0000
2023-08-01,2023-08-31,1086428,4545.20,2024-03-01 04:50:46.000+0000
2023-08-01,2023-08-31,3359611,45079.56,2024-03-01 04:50:46.000+0000
2023-08-01,2023-08-31,9000719,193595.87,2024-03-01 04:50:46.000+0000
2023-08-01,2023-08-31,4058128,29487.09,2024-03-01 04:50:46.000+0000
2023-08-01,2023-08-31,5600465,16631.21,2024-03-01 04:50:46.000+0000
2023-08-01,2023-08-31,8417311,193592.92,2024-03-01 04:50:46.000+0000
2023-08-01,2023-08-31,1920809,36544.70,2024-03-01 04:50:46.000+0000
2023-08-01,2023-08-31,2900611,18881.52,2024-03-01 04:50:46.000+0000
2023-08-01,2023-08-31,7406324,15681.50,2024-03-01 04:50:46.000+0000
2023-08-01,2023-08-31,4721825,181.14,2024-03-01 04:50:46.000+0000
2023-08-01,2023-08-31,8047572,158765.41,2024-03-01 04:50:46.000+0000
2023-08-01,2023-08-31,975812,242328.22,2024-03-01 04:50:46.000+0000
2023-08-01,2023-08-31,2227307,45092.59,2024-03-01 04:50:46.000+0000
2023-08-01,2023-08-31,3602808,36582.20,2024-03-01 04:50:46.000+0000
2023-08-01,2023-08-31,2285288,36587.62,2024-03-01 04:50:46.000+0000
2023-09-01,2023-09-30,1088549,147633.53,2024-03-01 04:50:46.000+0000
2023-09-01,2023-09-30,2824325,269799.46,2024-03-01 04:50:46.000+0000
2023-09-01,2023-09-30,4918793,29777.78,2024-03-01 04:50:46.000+0000
2023-09-01,2023-09-30,7310256,135675,2024-03-01 04:50:46.000+0000
2023-09-01,2023-09-30,2686247,4541.25,2024-03-01 04:50:46.000+0000
2023-09-01,2023-09-30,3575291,32241.46,2024-03-01 04:50:46.000+0000
2023-09-01,2023-09-30,6542277,48193.60,2024-03-01 04:50:46.000+0000
2023-09-01,2023-09-30,4337124,19621.54,2024-03-01 04:50:46.000+0000
2023-09-01,2023-09-30,8733378,48459,2024-03-01 04:50:46.000+0000
2023-09-01,2023-09-30,9750481,179984.42,2024-03-01 04:50:46.000+0000
2023-09-01,2023-09-30,4807720,143816.52,2024-03-01 04:50:46.000+0000
2023-09-01,2023-09-30,4524845,9260.77,2024-03-01 04:50:46.000+0000
2023-09-01,2023-09-30,7971280,36333.66,2024-03-01 04:50:46.000+0000
2023-09-01,2023-09-30,1875212,36059.11,2024-03-01 04:50:46.000+0000
2023-09-01,2023-09-30,5813047,152161.48,2024-03-01 04:50:46.000+0000
2023-09-01,2023-09-30,5887434,6886.52,2024-03-01 04:50:46.000+0000
2023-09-01,2023-09-30,8353423,347492.01,2024-03-01 04:50:46.000+0000
2023-09-01,2023-09-30,6504525,138636.25,2024-03-01 04:50:46.000+0000
2023-09-01,2023-09-30,6496102,6723.38,2024-03-01 04:50:46.000+0000
2023-09-01,2023-09-30,9756986,5276.12,2024-03-01 04:50:46.000+0000
2023-09-01,2023-09-30,6673701,48881.03,2024-03-01 04:50:46.000+0000
2023-09-01,2023-09-30,5333695,9123.04,2024-03-01 04:50:46.000+0000
2023-09-01,2023-09-30,6187592,49628.83,2024-03-01 04:50:46.000+0000
2023-09-01,2023-09-30,4091062,9814.18,2024-03-01 04:50:46.000+0000
2023-09-01,2023-09-30,3075019,45091.20,2024-03-01 04:50:46.000+0000
2023-09-01,2023-09-30,660511,36868.39,2024-03-01 04:50:46.000+0000
2023-09-01,2023-09-30,4242336,37448.29,2024-03-01 04:50:46.000+0000
2023-09-01,2023-09-30,7931921,17568.17,2024-03-01 04:50:46.000+0000
2023-09-01,2023-09-30,7992914,18968.05,2024-03-01 04:50:46.000+0000
2023-09-01,2023-09-30,9438491,33615,2024-03-01 04:50:46.000+0000
2023-09-01,2023-09-30,1791028,38494.44,2024-03-01 04:50:46.000+0000
2023-09-01,2023-09-30,9775315,16924.67,2024-03-01 04:50:46.000+0000
2023-09-01,2023-09-30,3958352,15014.19,2024-03-01 04:50:46.000+0000
2023-09-01,2023-09-30,4436757,45158.11,2024-03-01 04:50:46.000+0000
2023-09-01,2023-09-30,8919655,36184.08,2024-03-01 04:50:46.000+0000
2023-09-01,2023-09-30,6413664,96621.17,2024-03-01 04:50:46.000+0000
2023-09-01,2023-09-30,3090615,9680.79,2024-03-01 04:50:46.000+0000
2023-09-01,2023-09-30,7384910,6485.80,2024-03-01 04:50:46.000+0000
2023-09-01,2023-09-30,1833638,48688.63,2024-03-01 04:50:46.000+0000
2023-09-01,2023-09-30,3897404,36868.50,2024-03-01 04:50:46.000+0000
2023-09-01,2023-09-30,3766858,40865.50,2024-03-01 04:50:46.000+0000
2023-09-01,2023-09-30,9986280,7699,2024-03-01 04:50:46.000+0000
2023-09-01,2023-09-30,9326805,96143.82,2024-03-01 04:50:46.000+0000
2023-09-01,2023-09-30,1053889,8925.99,2024-03-01 04:50:46.000+0000
2023-09-01,2023-09-30,1805697,9001.74,2024-03-01 04:50:46.000+0000
2023-09-01,2023-09-30,1028169,17961.93,2024-03-01 04:50:46.000+0000
2023-09-01,2023-09-30,7179723,277655.32,2024-03-01 04:50:46.000+0000
2023-09-01,2023-09-30,3344439,36848.45,2024-03-01 04:50:46.000+0000
2023-09-01,2023-09-30,5197355,58225,2024-03-01 04:50:46.000+0000
2023-09-01,2023-09-30,4871168,6728.00,2024-03-01 04:50:46.000+0000
2023-09-01,2023-09-30,1074407,2284.77,2024-03-01 04:50:46.000+0000
2023-09-01,2023-09-30,271454,18619.01,2024-03-01 04:50:46.000+0000
2023-09-01,2023-09-30,6805623,9527.75,2024-03-01 04:50:46.000+0000
2023-09-01,2023-09-30,9562335,288680.48,2024-03-01 04:50:46.000+0000
2023-09-01,2023-09-30,4547648,9660.11,2024-03-01 04:50:46.000+0000
2023-09-01,2023-09-30,9604074,15103.67,2024-03-01 04:50:46.000+0000
2023-09-01,2023-09-30,1265020,69665.02,2024-03-01 04:50:46.000+0000
2023-09-01,2023-09-30,6559611,184686.50,2024-03-01 04:50:46.000+0000
2023-09-01,2023-09-30,6463639,38160.41,2024-03-01 04:50:46.000+0000
2023-09-01,2023-09-30,1095268,19849,2024-03-01 04:50:46.000+0000
2023-09-01,2023-09-30,6224617,3761.18,2024-03-01 04:50:46.000+0000
2023-09-01,2023-09-30,3236632,96055.21,2024-03-01 04:50:46.000+0000
2023-09-01,2023-09-30,8625260,352325.32,2024-03-01 04:50:46.000+0000
2023-09-01,2023-09-30,584631,18399.50,2024-03-01 04:50:46.000+0000
2023-09-01,2023-09-30,6126595,353280.33,2024-03-01 04:50:46.000+0000
2023-09-01,2023-09-30,9125782,9959.72,2024-03-01 04:50:46.000+0000
2023-09-01,2023-09-30,2810130,71203.73,2024-03-01 04:50:46.000+0000
2023-09-01,2023-09-30,9301347,4599,2024-03-01 04:50:46.000+0000
2023-09-01,2023-09-30,6420169,96990.95,2024-03-01 04:50:46.000+0000
2023-09-01,2023-09-30,4363279,9034.97,2024-03-01 04:50:46.000+0000
2023-09-01,2023-09-30,2483702,5480.42,2024-03-01 04:50:46.000+0000
2023-09-01,2023-09-30,8159722,36864.11,2024-03-01 04:50:46.000+0000
2023-09-01,2023-09-30,8483901,96321.68,2024-03-01 04:50:46.000+0000
2023-09-01,2023-09-30,4077844,137783.30,2024-03-01 04:50:46.000+0000
2023-09-01,2023-09-30,389671,5666.31,2024-03-01 04:50:46.000+0000
2023-09-01,2023-09-30,9432093,3668.62,2024-03-01 04:50:46.000+0000
2023-09-01,2023-09-30,7297935,9273.41,2024-03-01 04:50:46.000+0000
2023-09-01,2023-09-30,8318319,172761.54,2024-03-01 04:50:46.000+0000
2023-09-01,2023-09-30,4482873,197483.04,2024-03-01 04:50:46.000+0000
2023-09-01,2023-09-30,173742,9368.11,2024-03-01 04:50:46.000+0000
2023-09-01,2023-09-30,5215861,36340.00,2024-03-01 04:50:46.000+0000
2023-09-01,2023-09-30,2456765,13549.62,2024-03-01 04:50:46.000+0000
2023-09-01,2023-09-30,3680471,171960.88,2024-03-01 04:50:46.000+0000
2023-09-01,2023-09-30,8601183,142656.47,2024-03-01 04:50:46.000+0000
2023-09-01,2023-09-30,2352222,43205.95,2024-03-01 04:50:46.000+0000
2023-09-01,2023-09-30,1231665,9090.70,2024-03-01 04:50:46.000+0000
2023-09-01,2023-09-30,4735607,1878.66,2024-03-01 04:50:46.000+0000
2023-09-01,2023-09-30,8771021,36618.19,2024-03-01 04:50:46.000+0000
2023-09-01,2023-09-30,6569987,285525,2024-03-01 04:50:46.000+0000
2023-09-01,2023-09-30,1789943,7658.26,2024-03-01 04:50:46.000+0000
2023-09-01,2023-09-30,116081,96470.71,2024-03-01 04:50:46.000+0000
2023-09-01,2023-09-30,4622730,181441.65,2024-03-01 04:50:46.000+0000
2023-09-01,2023-09-30,1747751,31182.90,2024-03-01 04:50:46.000+0000
2023-09-01,2023-09-30,1069382,91223.46,2024-03-01 04:50:46.000+0000
2023-09-01,2023-09-30,9864509,54129,2024-03-01 04:50:46.000+0000
2023-09-01,2023-09-30,6905773,29977.63,2024-03-01 04:50:46.000+0000
2023-09-01,2023-09-30,7289958,289537.58,2024-03-01 04:50:46.000+0000
2023-09-01,2023-09-30,8239712,44162.41,2024-03-01 04:50:46.000+0000
2023-09-01,2023-09-30,5791590,24303.66,2024-03-01 04:50:46.000+0000
2023-09-01,2023-09-30,9000719,193594.48,2024-03-01 04:50:46.000+0000
2023-09-01,2023-09-30,3040633,5528.48,2024-03-01 04:50:46.000+0000
2023-09-01,2023-09-30,6086078,25925.56,2024-03-01 04:50:46.000+0000
2023-09-01,2023-09-30,4474512,210113.35,2024-03-01 04:50:46.000+0000
2023-09-01,2023-09-30,2787574,36094.79,2024-03-01 04:50:46.000+0000
2023-09-01,2023-09-30,975812,71485,2024-03-01 04:50:46.000+0000
2023-09-01,2023-09-30,6508701,6480.88,2024-03-01 04:50:46.000+0000
2023-09-01,2023-09-30,9418925,96822.58,2024-03-01 04:50:46.000+0000
2023-10-01,2023-10-31,1088549,36975.24,2024-03-01 04:50:46.000+0000
2023-10-01,2023-10-31,4353969,45744.49,2024-03-01 04:50:46.000+0000
2023-10-01,2023-10-31,6573764,7561.33,2024-03-01 04:50:46.000+0000
2023-10-01,2023-10-31,4145134,68162.25,2024-03-01 04:50:46.000+0000
2023-10-01,2023-10-31,6957258,25869.74,2024-03-01 04:50:46.000+0000
2023-10-01,2023-10-31,9432204,36451.14,2024-03-01 04:50:46.000+0000
2023-10-01,2023-10-31,7881546,13768.20,2024-03-01 04:50:46.000+0000
2023-10-01,2023-10-31,2686247,4552.72,2024-03-01 04:50:46.000+0000
2023-10-01,2023-10-31,6794313,3322.73,2024-03-01 04:50:46.000+0000
2023-10-01,2023-10-31,3151148,17526.69,2024-03-01 04:50:46.000+0000
2023-10-01,2023-10-31,7592403,18960.23,2024-03-01 04:50:46.000+0000
2023-10-01,2023-10-31,5659475,4540.51,2024-03-01 04:50:46.000+0000
2023-10-01,2023-10-31,3323501,9640.94,2024-03-01 04:50:46.000+0000
2023-10-01,2023-10-31,5098864,52480.57,2024-03-01 04:50:46.000+0000
2023-10-01,2023-10-31,9692879,5571.54,2024-03-01 04:50:46.000+0000
2023-10-01,2023-10-31,6903707,144898.58,2024-03-01 04:50:46.000+0000
2023-10-01,2023-10-31,3587429,49415.05,2024-03-01 04:50:46.000+0000
2023-10-01,2023-10-31,2281250,16849,2024-03-01 04:50:46.000+0000
2023-10-01,2023-10-31,8248416,56586.28,2024-03-01 04:50:46.000+0000
2023-10-01,2023-10-31,7961212,182768.01,2024-03-01 04:50:46.000+0000
2023-10-01,2023-10-31,8266223,49411.03,2024-03-01 04:50:46.000+0000
2023-10-01,2023-10-31,7268744,6883.35,2024-03-01 04:50:46.000+0000
2023-10-01,2023-10-31,8075859,47529,2024-03-01 04:50:46.000+0000
2023-10-01,2023-10-31,1054902,4885.65,2024-03-01 04:50:46.000+0000
2023-10-01,2023-10-31,418957,9090.17,2024-03-01 04:50:46.000+0000
2023-10-01,2023-10-31,660511,36131.40,2024-03-01 04:50:46.000+0000
2023-10-01,2023-10-31,4211073,232160.16,2024-03-01 04:50:46.000+0000
2023-10-01,2023-10-31,6114770,9737.70,2024-03-01 04:50:46.000+0000
2023-10-01,2023-10-31,7371778,69669,2024-03-01 04:50:46.000+0000
2023-10-01,2023-10-31,8955643,156384.03,2024-03-01 04:50:46.000+0000
2023-10-01,2023-10-31,5057533,36168.55,2024-03-01 04:50:46.000+0000
2023-10-01,2023-10-31,592051,36873.73,2024-03-01 04:50:46.000+0000
2023-10-01,2023-10-31,5326263,7926.47,2024-03-01 04:50:46.000+0000
2023-10-01,2023-10-31,5689240,4581.68,2024-03-01 04:50:46.000+0000
2023-10-01,2023-10-31,8013401,34741.01,2024-03-01 04:50:46.000+0000
2023-10-01,2023-10-31,9326805,96701.24,2024-03-01 04:50:46.000+0000
2023-10-01,2023-10-31,7219717,9130.65,2024-03-01 04:50:46.000+0000
2023-10-01,2023-10-31,474969,395280.85,2024-03-01 04:50:46.000+0000
2023-10-01,2023-10-31,1805697,9910.66,2024-03-01 04:50:46.000+0000
2023-10-01,2023-10-31,4254595,42714.67,2024-03-01 04:50:46.000+0000
2023-10-01,2023-10-31,7026738,69661.44,2024-03-01 04:50:46.000+0000
2023-10-01,2023-10-31,6784545,36986.21,2024-03-01 04:50:46.000+0000
2023-10-01,2023-10-31,8681129,18972.94,2024-03-01 04:50:46.000+0000
2023-10-01,2023-10-31,4547648,9498.56,2024-03-01 04:50:46.000+0000
2023-10-01,2023-10-31,6559611,184688.09,2024-03-01 04:50:46.000+0000
2023-10-01,2023-10-31,3571327,36567.17,2024-03-01 04:50:46.000+0000
2023-10-01,2023-10-31,4495485,142494.30,2024-03-01 04:50:46.000+0000
2023-10-01,2023-10-31,2101463,2969,2024-03-01 04:50:46.000+0000
2023-10-01,2023-10-31,3310651,164845.05,2024-03-01 04:50:46.000+0000
2023-10-01,2023-10-31,725239,6727.41,2024-03-01 04:50:46.000+0000
2023-10-01,2023-10-31,838328,44461.87,2024-03-01 04:50:46.000+0000
2023-10-01,2023-10-31,6224617,15884.60,2024-03-01 04:50:46.000+0000
2023-10-01,2023-10-31,3636365,45552.02,2024-03-01 04:50:46.000+0000
2023-10-01,2023-10-31,4368130,247204.44,2024-03-01 04:50:46.000+0000
2023-10-01,2023-10-31,9125782,9955.91,2024-03-01 04:50:46.000+0000
2023-10-01,2023-10-31,3239757,36913.20,2024-03-01 04:50:46.000+0000
2023-10-01,2023-10-31,6862161,34488.52,2024-03-01 04:50:46.000+0000
2023-10-01,2023-10-31,4064840,36064.74,2024-03-01 04:50:46.000+0000
2023-10-01,2023-10-31,4673250,272800.68,2024-03-01 04:50:46.000+0000
2023-10-01,2023-10-31,1177227,9311.06,2024-03-01 04:50:46.000+0000
2023-10-01,2023-10-31,299319,75101.71,2024-03-01 04:50:46.000+0000
2023-10-01,2023-10-31,4077844,137743.42,2024-03-01 04:50:46.000+0000
2023-10-01,2023-10-31,9180099,164735.13,2024-03-01 04:50:46.000+0000
2023-10-01,2023-10-31,1463500,15574.12,2024-03-01 04:50:46.000+0000
2023-10-01,2023-10-31,9426564,36314.69,2024-03-01 04:50:46.000+0000
2023-10-01,2023-10-31,3248782,16963.52,2024-03-01 04:50:46.000+0000
2023-10-01,2023-10-31,1221669,124236.76,2024-03-01 04:50:46.000+0000
2023-10-01,2023-10-31,1918937,21621.16,2024-03-01 04:50:46.000+0000
2023-10-01,2023-10-31,9719757,75218.20,2024-03-01 04:50:46.000+0000
2023-10-01,2023-10-31,4482873,197434.18,2024-03-01 04:50:46.000+0000
2023-10-01,2023-10-31,4123022,22828.00,2024-03-01 04:50:46.000+0000
2023-10-01,2023-10-31,3035422,4583.62,2024-03-01 04:50:46.000+0000
2023-10-01,2023-10-31,3586753,2521.91,2024-03-01 04:50:46.000+0000
2023-10-01,2023-10-31,5585278,3667.86,2024-03-01 04:50:46.000+0000
2023-10-01,2023-10-31,5215861,36997.47,2024-03-01 04:50:46.000+0000
2023-10-01,2023-10-31,2456765,13552.19,2024-03-01 04:50:46.000+0000
2023-10-01,2023-10-31,3680471,171982.26,2024-03-01 04:50:46.000+0000
2023-10-01,2023-10-31,8601183,142657.39,2024-03-01 04:50:46.000+0000
2023-10-01,2023-10-31,3495894,44113.84,2024-03-01 04:50:46.000+0000
2023-10-01,2023-10-31,2352222,43673.98,2024-03-01 04:50:46.000+0000
2023-10-01,2023-10-31,4043451,18611.31,2024-03-01 04:50:46.000+0000
2023-10-01,2023-10-31,9224825,36130.07,2024-03-01 04:50:46.000+0000
2023-10-01,2023-10-31,9829289,18494.06,2024-03-01 04:50:46.000+0000
2023-10-01,2023-10-31,8196368,51515.83,2024-03-01 04:50:46.000+0000
2023-10-01,2023-10-31,8239712,44165.27,2024-03-01 04:50:46.000+0000
2023-10-01,2023-10-31,9773385,36767.42,2024-03-01 04:50:46.000+0000
2023-10-01,2023-10-31,512176,36175.37,2024-03-01 04:50:46.000+0000
2023-10-01,2023-10-31,6745543,6785.79,2024-03-01 04:50:46.000+0000
2023-10-01,2023-10-31,9972884,47640.56,2024-03-01 04:50:46.000+0000
2023-10-01,2023-10-31,6458650,88204.14,2024-03-01 04:50:46.000+0000
2023-10-01,2023-10-31,8417311,193595.98,2024-03-01 04:50:46.000+0000
2023-10-01,2023-10-31,8950822,27849,2024-03-01 04:50:46.000+0000
2023-10-01,2023-10-31,4721825,182.58,2024-03-01 04:50:46.000+0000
2023-10-01,2023-10-31,2722493,25865.69,2024-03-01 04:50:46.000+0000
2023-10-01,2023-10-31,838724,48121.17,2024-03-01 04:50:46.000+0000
2023-10-01,2023-10-31,6508701,6489,2024-03-01 04:50:46.000+0000
2023-10-01,2023-10-31,3602808,36920.77,2024-03-01 04:50:46.000+0000
2023-10-01,2023-10-31,3325546,32565.89,2024-03-01 04:50:46.000+0000
2023-11-01,2023-11-30,1404325,144378.72,2024-03-01 04:50:46.000+0000
2023-11-01,2023-11-30,879722,22700.56,2024-03-01 04:50:46.000+0000
2023-11-01,2023-11-30,7992872,145555.56,2024-03-01 04:50:46.000+0000
2023-11-01,2023-11-30,3935863,124775.03,2024-03-01 04:50:46.000+0000
2023-11-01,2023-11-30,2686247,4502.50,2024-03-01 04:50:46.000+0000
2023-11-01,2023-11-30,7694215,11467.64,2024-03-01 04:50:46.000+0000
2023-11-01,2023-11-30,3575291,32242.39,2024-03-01 04:50:46.000+0000
2023-11-01,2023-11-30,5753326,159360.28,2024-03-01 04:50:46.000+0000
2023-11-01,2023-11-30,5659475,4568.09,2024-03-01 04:50:46.000+0000
2023-11-01,2023-11-30,749232,89559,2024-03-01 04:50:46.000+0000
2023-11-01,2023-11-30,3932123,24823.04,2024-03-01 04:50:46.000+0000
2023-11-01,2023-11-30,9692879,5514.58,2024-03-01 04:50:46.000+0000
2023-11-01,2023-11-30,3587429,49413.14,2024-03-01 04:50:46.000+0000
2023-11-01,2023-11-30,3762964,58438.93,2024-03-01 04:50:46.000+0000
2023-11-01,2023-11-30,657617,125416.02,2024-03-01 04:50:46.000+0000
2023-11-01,2023-11-30,7318603,36735.48,2024-03-01 04:50:46.000+0000
2023-11-01,2023-11-30,8707292,162825.13,2024-03-01 04:50:46.000+0000
2023-11-01,2023-11-30,5695723,14117.63,2024-03-01 04:50:46.000+0000
2023-11-01,2023-11-30,6139453,11469,2024-03-01 04:50:46.000+0000
2023-11-01,2023-11-30,9651888,91251.08,2024-03-01 04:50:46.000+0000
2023-11-01,2023-11-30,9411904,27326.60,2024-03-01 04:50:46.000+0000
2023-11-01,2023-11-30,8266223,49415.52,2024-03-01 04:50:46.000+0000
2023-11-01,2023-11-30,7268744,6291.73,2024-03-01 04:50:46.000+0000
2023-11-01,2023-11-30,8075859,8915.50,2024-03-01 04:50:46.000+0000
2023-11-01,2023-11-30,9605431,12363.23,2024-03-01 04:50:46.000+0000
2023-11-01,2023-11-30,4036665,176175,2024-03-01 04:50:46.000+0000
2023-11-01,2023-11-30,2012842,21625.15,2024-03-01 04:50:46.000+0000
2023-11-01,2023-11-30,2659261,51667.96,2024-03-01 04:50:46.000+0000
2023-11-01,2023-11-30,6187592,49627.60,2024-03-01 04:50:46.000+0000
2023-11-01,2023-11-30,5147163,45757.18,2024-03-01 04:50:46.000+0000
2023-11-01,2023-11-30,660511,36375.69,2024-03-01 04:50:46.000+0000
2023-11-01,2023-11-30,7931921,15080.11,2024-03-01 04:50:46.000+0000
2023-11-01,2023-11-30,9799591,4566.79,2024-03-01 04:50:46.000+0000
2023-11-01,2023-11-30,7886108,288618.71,2024-03-01 04:50:46.000+0000
2023-11-01,2023-11-30,6055867,47523.91,2024-03-01 04:50:46.000+0000
2023-11-01,2023-11-30,5623093,147331.91,2024-03-01 04:50:46.000+0000
2023-11-01,2023-11-30,5379445,36402.03,2024-03-01 04:50:46.000+0000
2023-11-01,2023-11-30,4548670,2873.76,2024-03-01 04:50:46.000+0000
2023-11-01,2023-11-30,5407714,38163.74,2024-03-01 04:50:46.000+0000
2023-11-01,2023-11-30,199407,2283.68,2024-03-01 04:50:46.000+0000
2023-11-01,2023-11-30,7371778,69667.95,2024-03-01 04:50:46.000+0000
2023-11-01,2023-11-30,4695967,216288.41,2024-03-01 04:50:46.000+0000
2023-11-01,2023-11-30,5057533,36058.92,2024-03-01 04:50:46.000+0000
2023-11-01,2023-11-30,4024839,389617.14,2024-03-01 04:50:46.000+0000
2023-11-01,2023-11-30,6764821,1482.55,2024-03-01 04:50:46.000+0000
2023-11-01,2023-11-30,2864707,75088.46,2024-03-01 04:50:46.000+0000
2023-11-01,2023-11-30,9063264,285525,2024-03-01 04:50:46.000+0000
2023-11-01,2023-11-30,6187531,75030.73,2024-03-01 04:50:46.000+0000
2023-11-01,2023-11-30,1762631,352350.80,2024-03-01 04:50:46.000+0000
2023-11-01,2023-11-30,8981937,16929,2024-03-01 04:50:46.000+0000
2023-11-01,2023-11-30,5689240,4542.99,2024-03-01 04:50:46.000+0000
2023-11-01,2023-11-30,681490,20804.33,2024-03-01 04:50:46.000+0000
2023-11-01,2023-11-30,4076844,18488.68,2024-03-01 04:50:46.000+0000
2023-11-01,2023-11-30,7219717,9636.88,2024-03-01 04:50:46.000+0000
2023-11-01,2023-11-30,474969,74115,2024-03-01 04:50:46.000+0000
2023-11-01,2023-11-30,6519682,26945,2024-03-01 04:50:46.000+0000
2023-11-01,2023-11-30,1240823,165.96,2024-03-01 04:50:46.000+0000
2023-11-01,2023-11-30,9207819,33325.29,2024-03-01 04:50:46.000+0000
2023-11-01,2023-11-30,5570936,288629.85,2024-03-01 04:50:46.000+0000
2023-11-01,2023-11-30,7026738,69666.18,2024-03-01 04:50:46.000+0000
2023-11-01,2023-11-30,271454,18527.20,2024-03-01 04:50:46.000+0000
2023-11-01,2023-11-30,9604074,15495.01,2024-03-01 04:50:46.000+0000
2023-11-01,2023-11-30,1265020,69666.78,2024-03-01 04:50:46.000+0000
2023-11-01,2023-11-30,9950828,9537.81,2024-03-01 04:50:46.000+0000
2023-11-01,2023-11-30,4016296,36793.73,2024-03-01 04:50:46.000+0000
2023-11-01,2023-11-30,5958436,16847.59,2024-03-01 04:50:46.000+0000
2023-11-01,2023-11-30,6224617,3761.85,2024-03-01 04:50:46.000+0000
2023-11-01,2023-11-30,8625260,353527.45,2024-03-01 04:50:46.000+0000
2023-11-01,2023-11-30,9125782,9895.76,2024-03-01 04:50:46.000+0000
2023-11-01,2023-11-30,5486412,36907.64,2024-03-01 04:50:46.000+0000
2023-11-01,2023-11-30,2810130,71726.12,2024-03-01 04:50:46.000+0000
2023-11-01,2023-11-30,3411712,36885.55,2024-03-01 04:50:46.000+0000
2023-11-01,2023-11-30,5797097,183648.27,2024-03-01 04:50:46.000+0000
2023-11-01,2023-11-30,1177227,9097.72,2024-03-01 04:50:46.000+0000
2023-11-01,2023-11-30,3592995,9034.20,2024-03-01 04:50:46.000+0000
2023-11-01,2023-11-30,4363279,9936.41,2024-03-01 04:50:46.000+0000
2023-11-01,2023-11-30,4077844,137792.28,2024-03-01 04:50:46.000+0000
2023-11-01,2023-11-30,214646,364843.21,2024-03-01 04:50:46.000+0000
2023-11-01,2023-11-30,8253060,9421.62,2024-03-01 04:50:46.000+0000
2023-11-01,2023-11-30,8371391,75892.33,2024-03-01 04:50:46.000+0000
2023-11-01,2023-11-30,3215410,5123.08,2024-03-01 04:50:46.000+0000
2023-11-01,2023-11-30,8434283,42455.06,2024-03-01 04:50:46.000+0000
2023-11-01,2023-11-30,9722725,45457.48,2024-03-01 04:50:46.000+0000
2023-11-01,2023-11-30,4144171,32567.28,2024-03-01 04:50:46.000+0000
2023-11-01,2023-11-30,5721966,34729,2024-03-01 04:50:46.000+0000
2023-11-01,2023-11-30,9542114,69384.70,2024-03-01 04:50:46.000+0000
2023-11-01,2023-11-30,8907733,36346.56,2024-03-01 04:50:46.000+0000
2023-11-01,2023-11-30,705112,28270.67,2024-03-01 04:50:46.000+0000
2023-11-01,2023-11-30,7533916,71739.11,2024-03-01 04:50:46.000+0000
2023-11-01,2023-11-30,2515519,182773.64,2024-03-01 04:50:46.000+0000
2023-11-01,2023-11-30,8771021,36984.83,2024-03-01 04:50:46.000+0000
2023-11-01,2023-11-30,2956439,31284.70,2024-03-01 04:50:46.000+0000
2023-11-01,2023-11-30,4622730,34705.67,2024-03-01 04:50:46.000+0000
2023-11-01,2023-11-30,8438000,64110.26,2024-03-01 04:50:46.000+0000
2023-11-01,2023-11-30,6905773,29973.61,2024-03-01 04:50:46.000+0000
2023-11-01,2023-11-30,9947819,96302.27,2024-03-01 04:50:46.000+0000
2023-11-01,2023-11-30,4818102,3805.30,2024-03-01 04:50:46.000+0000
2023-11-01,2023-11-30,8564029,19927.80,2024-03-01 04:50:46.000+0000
2023-11-01,2023-11-30,9829289,18703.17,2024-03-01 04:50:46.000+0000
2023-11-01,2023-11-30,5290783,44887.89,2024-03-01 04:50:46.000+0000
2023-11-01,2023-11-30,6847982,64128.20,2024-03-01 04:50:46.000+0000
2023-11-01,2023-11-30,2289389,46940.38,2024-03-01 04:50:46.000+0000
2023-11-01,2023-11-30,8371658,121324.36,2024-03-01 04:50:46.000+0000
2023-11-01,2023-11-30,7554657,25182.56,2024-03-01 04:50:46.000+0000
2023-11-01,2023-11-30,1015768,16847.72,2024-03-01 04:50:46.000+0000
2023-11-01,2023-11-30,4466043,36529.19,2024-03-01 04:50:46.000+0000
2023-11-01,2023-11-30,6670537,17526.90,2024-03-01 04:50:46.000+0000
2023-11-01,2023-11-30,9000719,193591.05,2024-03-01 04:50:46.000+0000
2023-11-01,2023-11-30,5600465,16674.44,2024-03-01 04:50:46.000+0000
2023-11-01,2023-11-30,8417311,193596.12,2024-03-01 04:50:46.000+0000
2023-11-01,2023-11-30,2434588,1362.41,2024-03-01 04:50:46.000+0000
2023-11-01,2023-11-30,983483,36366.50,2024-03-01 04:50:46.000+0000
2023-11-01,2023-11-30,3353480,142653.69,2024-03-01 04:50:46.000+0000
2023-11-01,2023-11-30,6813977,67867.95,2024-03-01 04:50:46.000+0000
2023-11-01,2023-11-30,3393814,6727.49,2024-03-01 04:50:46.000+0000
2023-11-01,2023-11-30,6896995,15305.30,2024-03-01 04:50:46.000+0000
2023-12-01,2023-12-31,9761332,143523.58,2024-03-01 04:50:47.000+0000
2023-12-01,2023-12-31,2226221,19175.74,2024-03-01 04:50:47.000+0000
2023-12-01,2023-12-31,5143695,19800.82,2024-03-01 04:50:47.000+0000
2023-12-01,2023-12-31,6419045,28294.91,2024-03-01 04:50:47.000+0000
2023-12-01,2023-12-31,4145134,17894.61,2024-03-01 04:50:47.000+0000
2023-12-01,2023-12-31,5830372,137347.66,2024-03-01 04:50:47.000+0000
2023-12-01,2023-12-31,7992872,145574.69,2024-03-01 04:50:47.000+0000
2023-12-01,2023-12-31,3935863,36124.56,2024-03-01 04:50:47.000+0000
2023-12-01,2023-12-31,9432204,36458.08,2024-03-01 04:50:47.000+0000
2023-12-01,2023-12-31,5019224,47571.23,2024-03-01 04:50:47.000+0000
2023-12-01,2023-12-31,5125546,3418.03,2024-03-01 04:50:47.000+0000
2023-12-01,2023-12-31,2363858,4517.57,2024-03-01 04:50:47.000+0000
2023-12-01,2023-12-31,1517929,18963.94,2024-03-01 04:50:47.000+0000
2023-12-01,2023-12-31,477083,126365.77,2024-03-01 04:50:47.000+0000
2023-12-01,2023-12-31,3544300,9368.99,2024-03-01 04:50:47.000+0000
2023-12-01,2023-12-31,407388,35167.99,2024-03-01 04:50:47.000+0000
2023-12-01,2023-12-31,3587429,49413.27,2024-03-01 04:50:47.000+0000
2023-12-01,2023-12-31,7971280,124918.49,2024-03-01 04:50:47.000+0000
2023-12-01,2023-12-31,2281250,16846.59,2024-03-01 04:50:47.000+0000
2023-12-01,2023-12-31,5813047,38213.91,2024-03-01 04:50:47.000+0000
2023-12-01,2023-12-31,6139453,11467.39,2024-03-01 04:50:47.000+0000
2023-12-01,2023-12-31,7961212,182775.01,2024-03-01 04:50:47.000+0000
2023-12-01,2023-12-31,9651888,22888.64,2024-03-01 04:50:47.000+0000
2023-12-01,2023-12-31,8075859,8916.24,2024-03-01 04:50:47.000+0000
2023-12-01,2023-12-31,623019,36749.34,2024-03-01 04:50:47.000+0000
2023-12-01,2023-12-31,2640476,36256.27,2024-03-01 04:50:47.000+0000
2023-12-01,2023-12-31,6604142,75499.68,2024-03-01 04:50:47.000+0000
2023-12-01,2023-12-31,1054902,4795.12,2024-03-01 04:50:47.000+0000
2023-12-01,2023-12-31,6278558,36249.13,2024-03-01 04:50:47.000+0000
2023-12-01,2023-12-31,6658340,8927.30,2024-03-01 04:50:47.000+0000
2023-12-01,2023-12-31,5333695,9196.22,2024-03-01 04:50:47.000+0000
2023-12-01,2023-12-31,8289758,9367.22,2024-03-01 04:50:47.000+0000
2023-12-01,2023-12-31,601072,68924.60,2024-03-01 04:50:47.000+0000
2023-12-01,2023-12-31,8614490,3763.23,2024-03-01 04:50:47.000+0000
2023-12-01,2023-12-31,3342232,74115,2024-03-01 04:50:47.000+0000
2023-12-01,2023-12-31,660511,36128.35,2024-03-01 04:50:47.000+0000
2023-12-01,2023-12-31,5592847,3244.45,2024-03-01 04:50:47.000+0000
2023-12-01,2023-12-31,6064947,75735,2024-03-01 04:50:47.000+0000
2023-12-01,2023-12-31,7895879,124661.34,2024-03-01 04:50:47.000+0000
2023-12-01,2023-12-31,9911925,18853.80,2024-03-01 04:50:47.000+0000
2023-12-01,2023-12-31,842158,232057.00,2024-03-01 04:50:47.000+0000
2023-12-01,2023-12-31,8742478,27366.69,2024-03-01 04:50:47.000+0000
2023-12-01,2023-12-31,2619173,36549.64,2024-03-01 04:50:47.000+0000
2023-12-01,2023-12-31,1094848,124808.09,2024-03-01 04:50:47.000+0000
2023-12-01,2023-12-31,5565937,69752.12,2024-03-01 04:50:47.000+0000
2023-12-01,2023-12-31,109567,36676.78,2024-03-01 04:50:47.000+0000
2023-12-01,2023-12-31,4024839,389616.48,2024-03-01 04:50:47.000+0000
2023-12-01,2023-12-31,6764821,1487.98,2024-03-01 04:50:47.000+0000
2023-12-01,2023-12-31,592051,36579.55,2024-03-01 04:50:47.000+0000
2023-12-01,2023-12-31,9063264,285525,2024-03-01 04:50:47.000+0000
2023-12-01,2023-12-31,1994253,7667.40,2024-03-01 04:50:47.000+0000
2023-12-01,2023-12-31,7726377,7998.53,2024-03-01 04:50:47.000+0000
2023-12-01,2023-12-31,124358,13283.95,2024-03-01 04:50:47.000+0000
2023-12-01,2023-12-31,681490,28119.12,2024-03-01 04:50:47.000+0000
2023-12-01,2023-12-31,692146,36038.47,2024-03-01 04:50:47.000+0000
2023-12-01,2023-12-31,7416933,96874.51,2024-03-01 04:50:47.000+0000
2023-12-01,2023-12-31,7086901,37441.69,2024-03-01 04:50:47.000+0000
2023-12-01,2023-12-31,1053889,8924.37,2024-03-01 04:50:47.000+0000
2023-12-01,2023-12-31,474969,74115,2024-03-01 04:50:47.000+0000
2023-12-01,2023-12-31,7179723,249251.60,2024-03-01 04:50:47.000+0000
2023-12-01,2023-12-31,8229264,42814.07,2024-03-01 04:50:47.000+0000
2023-12-01,2023-12-31,6519682,76805.35,2024-03-01 04:50:47.000+0000
2023-12-01,2023-12-31,420131,64855,2024-03-01 04:50:47.000+0000
2023-12-01,2023-12-31,9348771,45409.17,2024-03-01 04:50:47.000+0000
2023-12-01,2023-12-31,3304603,75506.83,2024-03-01 04:50:47.000+0000
2023-12-01,2023-12-31,7026738,69663.40,2024-03-01 04:50:47.000+0000
2023-12-01,2023-12-31,271454,18542.19,2024-03-01 04:50:47.000+0000
2023-12-01,2023-12-31,7023575,36689.07,2024-03-01 04:50:47.000+0000
2023-12-01,2023-12-31,9092025,166565.96,2024-03-01 04:50:47.000+0000
2023-12-01,2023-12-31,5823887,45487.01,2024-03-01 04:50:47.000+0000
2023-12-01,2023-12-31,4016296,36257.98,2024-03-01 04:50:47.000+0000
2023-12-01,2023-12-31,2425054,4575.17,2024-03-01 04:50:47.000+0000
2023-12-01,2023-12-31,7690161,11730.88,2024-03-01 04:50:47.000+0000
2023-12-01,2023-12-31,3038653,88603.11,2024-03-01 04:50:47.000+0000
2023-12-01,2023-12-31,3510822,36166.28,2024-03-01 04:50:47.000+0000
2023-12-01,2023-12-31,2706043,36729.54,2024-03-01 04:50:47.000+0000
2023-12-01,2023-12-31,6224617,3769,2024-03-01 04:50:47.000+0000
2023-12-01,2023-12-31,674628,36185.02,2024-03-01 04:50:47.000+0000
2023-12-01,2023-12-31,3236632,96949.71,2024-03-01 04:50:47.000+0000
2023-12-01,2023-12-31,8957453,156780.18,2024-03-01 04:50:47.000+0000
2023-12-01,2023-12-31,8625260,307430.56,2024-03-01 04:50:47.000+0000
2023-12-01,2023-12-31,755486,42278.63,2024-03-01 04:50:47.000+0000
2023-12-01,2023-12-31,5488454,45556.92,2024-03-01 04:50:47.000+0000
2023-12-01,2023-12-31,3719010,17279.22,2024-03-01 04:50:47.000+0000
2023-12-01,2023-12-31,6862161,34736.35,2024-03-01 04:50:47.000+0000
2023-12-01,2023-12-31,8384747,96325.47,2024-03-01 04:50:47.000+0000
2023-12-01,2023-12-31,4673250,249139.98,2024-03-01 04:50:47.000+0000
2023-12-01,2023-12-31,7626828,8487.71,2024-03-01 04:50:47.000+0000
2023-12-01,2023-12-31,5797097,976329,2024-03-01 04:50:47.000+0000
2023-12-01,2023-12-31,1177227,127731.48,2024-03-01 04:50:47.000+0000
2023-12-01,2023-12-31,299319,75793.73,2024-03-01 04:50:47.000+0000
2023-12-01,2023-12-31,1780887,96859.53,2024-03-01 04:50:47.000+0000
2023-12-01,2023-12-31,6491688,58445.45,2024-03-01 04:50:47.000+0000
2023-12-01,2023-12-31,4126604,122918.59,2024-03-01 04:50:47.000+0000
2023-12-01,2023-12-31,5025620,42365.86,2024-03-01 04:50:47.000+0000
2023-12-01,2023-12-31,8132147,36915.83,2024-03-01 04:50:47.000+0000
2023-12-01,2023-12-31,8371391,75492.54,2024-03-01 04:50:47.000+0000
2023-12-01,2023-12-31,9763803,23845.77,2024-03-01 04:50:47.000+0000
2023-12-01,2023-12-31,6369108,18410.28,2024-03-01 04:50:47.000+0000
2023-12-01,2023-12-31,7297935,144936.77,2024-03-01 04:50:47.000+0000
2023-12-01,2023-12-31,7286423,42657.49,2024-03-01 04:50:47.000+0000
2023-12-01,2023-12-31,5658308,1393585.89,2024-03-01 04:50:47.000+0000
2023-12-01,2023-12-31,1291937,52615,2024-03-01 04:50:47.000+0000
2023-12-01,2023-12-31,7233463,86472.60,2024-03-01 04:50:47.000+0000
2023-12-01,2023-12-31,6268209,54491.98,2024-03-01 04:50:47.000+0000
2023-12-01,2023-12-31,8202466,45265.94,2024-03-01 04:50:47.000+0000
2023-12-01,2023-12-31,6061272,6481.50,2024-03-01 04:50:47.000+0000
2023-12-01,2023-12-31,983743,28163.93,2024-03-01 04:50:47.000+0000
2023-12-01,2023-12-31,8606830,36671.61,2024-03-01 04:50:47.000+0000
2023-12-01,2023-12-31,1592683,96121.45,2024-03-01 04:50:47.000+0000
2023-12-01,2023-12-31,3035422,54438.20,2024-03-01 04:50:47.000+0000
2023-12-01,2023-12-31,4959979,33925.38,2024-03-01 04:50:47.000+0000
2023-12-01,2023-12-31,3586753,2527.59,2024-03-01 04:50:47.000+0000
2023-12-01,2023-12-31,4283293,22632.68,2024-03-01 04:50:47.000+0000
2023-12-01,2023-12-31,2456765,13534.40,2024-03-01 04:50:47.000+0000
2023-12-01,2023-12-31,3680471,171974.48,2024-03-01 04:50:47.000+0000
2023-12-01,2023-12-31,1760314,99681.21,2024-03-01 04:50:47.000+0000
2023-12-01,2023-12-31,2673270,36384.45,2024-03-01 04:50:47.000+0000
2023-12-01,2023-12-31,778743,32088.06,2024-03-01 04:50:47.000+0000
2023-12-01,2023-12-31,6951092,1525.50,2024-03-01 04:50:47.000+0000
2023-12-01,2023-12-31,2762581,9204.74,2024-03-01 04:50:47.000+0000
2023-12-01,2023-12-31,733727,9010.28,2024-03-01 04:50:47.000+0000
2023-12-01,2023-12-31,5501178,7686.52,2024-03-01 04:50:47.000+0000
2023-12-01,2023-12-31,4224736,96135.39,2024-03-01 04:50:47.000+0000
2023-12-01,2023-12-31,9224825,36741.44,2024-03-01 04:50:47.000+0000
2023-12-01,2023-12-31,9934145,9164.63,2024-03-01 04:50:47.000+0000
2023-12-01,2023-12-31,2135900,58687.25,2024-03-01 04:50:47.000+0000
2023-12-01,2023-12-31,1747751,38395.17,2024-03-01 04:50:47.000+0000
2023-12-01,2023-12-31,1069382,91235.04,2024-03-01 04:50:47.000+0000
2023-12-01,2023-12-31,3668189,36632.94,2024-03-01 04:50:47.000+0000
2023-12-01,2023-12-31,6847982,64121.07,2024-03-01 04:50:47.000+0000
2023-12-01,2023-12-31,1086428,4599,2024-03-01 04:50:47.000+0000
2023-12-01,2023-12-31,923871,7818.32,2024-03-01 04:50:47.000+0000
2023-12-01,2023-12-31,6745543,6780.93,2024-03-01 04:50:47.000+0000
2023-12-01,2023-12-31,4438072,7486.97,2024-03-01 04:50:47.000+0000
2023-12-01,2023-12-31,9000719,193593.29,2024-03-01 04:50:47.000+0000
2023-12-01,2023-12-31,522189,9572.47,2024-03-01 04:50:47.000+0000
2023-12-01,2023-12-31,1920809,36581.20,2024-03-01 04:50:47.000+0000
2023-12-01,2023-12-31,2078060,216318.87,2024-03-01 04:50:47.000+0000
2023-12-01,2023-12-31,1691824,2643.03,2024-03-01 04:50:47.000+0000
2023-12-01,2023-12-31,2900611,18631.01,2024-03-01 04:50:47.000+0000
2023-12-01,2023-12-31,4567775,45513.41,2024-03-01 04:50:47.000+0000
2023-12-01,2023-12-31,6584625,223705.92,2024-03-01 04:50:47.000+0000
2023-12-01,2023-12-31,4995265,42914.58,2024-03-01 04:50:47.000+0000
2023-12-01,2023-12-31,4092775,9554.45,2024-03-01 04:50:47.000+0000
2023-12-01,2023-12-31,2340789,171927.77,2024-03-01 04:50:47.000+0000
2023-12-01,2023-12-31,6508701,6480.22,2024-03-01 04:50:47.000+0000
2023-12-01,2023-12-31,2227307,162593.48,2024-03-01 04:50:47.000+0000
2023-12-01,2023-12-31,3325546,32562.19,2024-03-01 04:50:47.000+0000
